X1.1;X1.2;X2.1;X2.2;Z1.1;Z1.2;Z2.1;Z2.2;y1;y2;lam1;lam2;psi1;psi2
0;1;0.514273255;0.2595944;-0.003969558;-0.304717248;0.812937184;-0.496450768;0;2;54.59815003;2.230920241;0.801631059;0.009293732
1;0;0.322375178;1.237368148;0.306710461;0.705861751;0.414976607;0.619895757;0;2;0.367879441;3.33507004;0.950341783;0.1441436
0;1;0.592721632;0.420824065;-0.832686229;-0.714729642;-0.085859064;2.006025518;0;0;54.59815003;3.31676185;0.860514529;0.861702556
1;1;0.200953056;0.587263007;-0.639055077;-0.281134258;-1.908208906;0.211941681;0;0;7.389056099;1.209397346;0.916545803;0.998375145
1;1;0.518850275;0.323905219;-0.791074997;-0.508989865;0.663251984;-2.351675067;0;1;7.389056099;2.411999434;0.897397146;0.001615025
0;0;0.215144928;0.449122479;0.624785968;-0.908188107;0.661685731;1.327337528;2;1;2.718281828;1.099172103;0.320047142;0.13917614
1;0;0.339046165;0.172890464;0.255004883;0.569095804;-0.946084552;-0.085779119;0;0;0.367879441;1.209284617;0.940233575;0.919870821
1;0;0.396608244;0.260236;0.261144972;-0.601656531;1.478432957;-0.086706357;0;3;0.367879441;1.568407436;0.599881043;0.001289119
1;0;0.086496949;0.699925378;-0.2182203;-0.216299511;0.775822969;-0.250538319;0;1;0.367879441;0.960228718;0.869294064;0.014449949
0;0;0.87519381;0.249303249;-0.135492852;-0.352875511;0.231068252;0.395344715;0;7;2.718281828;6.520067175;0.81719956;0.202244459
1;0;1.291111228;0.723048693;-0.302731995;0.20421181;-1.134234404;1.236937459;0;0;0.367879441;36.46607498;0.945962343;0.991833792
0;0;0.134918521;0.171399022;0.587115517;0.082543359;0.573126494;0.143859111;0;0;2.718281828;0.654525055;0.783200105;0.04882756
1;1;0.169910302;0.046189428;0.773872224;0.981647465;-2.089841901;-1.449448571;0;0;7.389056099;0.64141432;0.942810047;0.993471943
1;0;0.010200139;0.200611899;0.302254173;-0.492417902;0.249851659;0.269867164;0;0;0.367879441;0.463574726;0.636864977;0.168036162
0;0;0.183605061;0.151841807;0.185726529;0.470539786;0.545560448;1.338686491;0;0;2.718281828;0.742789184;0.934776631;0.202217272
1;1;0.400137616;0.634053728;-0.344355812;0.955216322;-0.574520217;1.611143131;0;0;7.389056099;2.303584932;0.988190444;0.959626857
0;1;1.040015427;0.019603838;-0.848621264;0.116092484;0.447459026;-0.287230187;0;12;54.59815003;8.496464347;0.970833009;0.045781654
0;0;0.383597169;0.065759031;0.182774484;-0.214583681;-1.234534497;0.94373342;1;0;2.718281828;1.241785842;0.78527417;0.991911344
0;0;0.26271742;0.152615367;-0.643326473;0.649378519;-1.26353162;-1.123470807;0;0;2.718281828;0.942487735;0.986125715;0.911646385
1;1;0.070349307;0.745342279;0.482700248;-0.775231078;0.358258707;2.264680946;0;0;7.389056099;0.957327435;0.431799613;0.619489277
1;1;0.172756893;0.217554386;-0.412247584;0.071555808;-0.508542366;0.556464766;0;0;7.389056099;0.767839206;0.9405586;0.832383526
1;0;0.22988975;0.300161096;0.278371621;-0.11233683;0.33848408;-0.287404574;0;1;0.367879441;0.989881881;0.795396847;0.067322121
1;0;0.255096331;0.523207158;-0.750355205;-0.452085575;-1.631849259;1.175890676;0;0;0.367879441;1.334419214;0.902151461;0.998626883
1;1;0.635855688;0.045712503;-0.489468432;-0.685284928;-2.012432401;-0.339670764;0;0;7.389056099;2.594203583;0.796349487;0.997810812
1;0;0.212636922;0.667923634;0.641149375;0.743676147;-0.443527607;-0.787139055;0;1;0.367879441;1.357757444;0.925919039;0.420506309
1;0;0.454751863;0.642913125;0.607560786;0.124089713;-0.898872396;-0.3114682;0;0;0.367879441;2.737838425;0.791969511;0.878834182
1;1;0.062558995;0.145741163;-0.908330739;0.101379517;1.075176473;0.162434812;0;0;7.389056099;0.513460667;0.972488526;0.007932143
1;0;0.199215705;0.315739588;0.751063444;0.184730571;0.380473018;0.893269937;0;1;0.367879441;0.917031646;0.776062485;0.212455655
0;0;0.020868833;0.497805127;-0.74398182;0.455625725;-0.08498298;-0.331946854;0;0;2.718281828;0.644301577;0.982488386;0.25044368
0;1;0.083829091;1.055510204;0.217662807;0.277850569;-0.688832643;0.031649652;7;3;54.59815003;1.35933754;0.902841814;0.835165019
1;1;0.163757478;0.817972864;-0.060866253;0.22890033;1.839400174;1.03360032;0;0;7.389056099;1.362396523;0.927513031;0.001350741
1;0;0.81516562;0.213121679;0.114582171;-0.895166299;0.396433071;-0.238083134;0;6;0.367879441;5.252050322;0.509447412;0.058182443
1;1;0.298405875;0.135319669;0.460785569;0.130315506;1.869827383;0.603838867;0;1;7.389056099;1.03100834;0.827705566;0.000704685
1;1;0.076374772;0.045165582;-0.060282622;0.174682761;1.117700485;0.52440358;0;0;7.389056099;0.483980771;0.91981156;0.010603906
0;0;0.168621372;0.147539511;0.977220118;0.25713415;0.775683223;-0.637659616;0;0;2.718281828;0.707090671;0.740474863;0.008960871
0;0;0.109921707;0.168296142;0.969336769;0.24378129;-0.554984032;-0.843538123;0;0;2.718281828;0.605355896;0.737604996;0.506691467
1;1;0.157746897;0.406279189;-0.213430638;-0.835459916;2.227324647;-0.60935167;0;0;7.389056099;0.886494712;0.656836051;4.05E-05
0;1;0.01302706;0.281729435;0.217694275;-0.844714776;0.713639913;-1.790486264;0;0;54.59815003;0.507027831;0.496007344;0.00269339
0;1;0.001938869;0.021122218;-0.30903254;0.37418938;-0.718453518;-0.239846664;0;0;54.59815003;0.377924373;0.961280674;0.801292533
0;1;0.365108758;0.243910489;-0.125774876;0.660607185;-0.41123733;1.484426933;0;0;54.59815003;1.403875689;0.970967488;0.916649736
0;0;0.230370749;0.221193545;-0.541736073;-0.70818025;2.09570521;0.661382168;0;0;2.718281828;0.916040951;0.80158713;0.000324738
0;0;0.204290109;0.438200907;-0.987855504;0.567060145;1.090176136;-0.815279233;0;1;2.718281828;1.052397857;0.990203677;0.002221698
0;1;0.747505829;0.747184117;-0.952246224;-0.027099842;-1.145373663;-0.435736846;0;0;54.59815003;7.313351164;0.966887447;0.939940463
0;0;0.759583187;0.050180109;-0.882483143;0.978530211;-2.054807893;0.731536584;0;0;2.718281828;3.776998587;0.994937327;0.999509674
0;0;0.036313478;0.083778877;0.52915129;-0.001790091;1.258064781;1.504735785;0;0;2.718281828;0.44606942;0.769003486;0.021106884
0;0;0.591478777;0.085603203;-0.061911989;0.12452107;-0.647538957;-0.309714349;0;0;2.718281828;2.363254118;0.912289049;0.739067625
0;1;1.250157497;0.335367279;0.70166376;-0.243485959;-0.490571125;-1.286853914;0;18;54.59815003;21.88583821;0.613140479;0.31671155
0;0;0.014209231;0.499190099;0.163438781;0.037274395;-1.872816805;-1.042607425;0;0;2.718281828;0.632432231;0.861689116;0.99116188
0;0;0.819962611;0.138425181;-0.626223475;-0.851432416;1.743736367;1.048286776;0;8;2.718281828;4.944683779;0.774949036;0.001968225
1;1;0.275052188;0.08594534;0.218121957;0.076944688;-0.117328073;-0.622917082;0;1;7.389056099;0.914938805;0.861368903;0.207729507
0;0;0.458295595;0.71079156;0.786683466;0.922122002;-1.643244794;1.708738402;0;0;2.718281828;2.96144802;0.934881969;0.999323628
0;1;0.058185416;0.048519854;0.588642332;0.055620279;1.262658685;0.508508406;10;0;54.59815003;0.459818286;0.773516877;0.006063811
1;1;0.204462953;0.398840309;0.008185668;-0.125681096;0.008234391;0.27650993;0;1;7.389056099;1.01230425;0.850224039;0.335092448
0;0;0.667418677;0.681739453;-0.153943453;-0.935466007;-0.953098563;1.397915225;0;0;2.718281828;5.387036855;0.589036359;0.986894274
1;1;0.334592105;0.258472348;0.308762575;-0.924531639;-1.223908102;-1.707887641;4;1;7.389056099;1.299849728;0.422576093;0.81073542
0;1;0.143169874;0.746315979;0.775477029;-0.905303412;0.112979062;1.048224397;8;1;54.59815003;1.192230116;0.274119279;0.471682588
0;1;0.220814653;0.127326567;0.784032942;-0.678081929;1.290195772;1.664942651;0;0;54.59815003;0.810398258;0.370000826;0.022819503
1;0;0.127219476;0.280325886;-0.643218924;-0.061805213;-0.197259786;-0.951796988;0;0;0.367879441;0.713184101;0.944862949;0.189998174
1;0;0.014890511;0.527198109;-0.48499515;0.61184795;-0.712101879;-0.279553858;0;0;0.367879441;0.651726451;0.981131056;0.789338009
0;1;0.583960135;0.092838713;-0.773122991;-0.438804968;1.157153957;0.400906576;0;4;54.59815003;2.327324017;0.90738154;0.007859092
1;0;0.240240339;0.050059584;0.594317917;0.50956797;1.068261656;-1.400223728;0;0;0.367879441;0.795154058;0.893562571;0.001162219
0;0;0.089867007;0.146700305;-0.780923022;0.04365163;1.249347262;0.151661075;0;0;2.718281828;0.557831309;0.962984044;0.004088518
0;1;0.026373943;0.427377067;0.65814339;-0.422105614;0.308292561;-0.572697527;0;2;54.59815003;0.610485275;0.542043905;0.053556758
0;0;0.502374254;0.861154608;0.542092594;-0.965245597;-0.877099988;0.329786511;0;0;2.718281828;3.928577371;0.322210855;0.937106734
1;0;0.275998096;0.089930937;0.887378809;0.33669906;0.444145583;-0.263389517;0;0;0.367879441;0.921203073;0.792872832;0.047662125
0;1;0.05535373;1.938109433;-0.066084813;-0.866048071;-0.452207661;0.617944891;0;3;54.59815003;3.016721432;0.590741388;0.812785139
1;0;0.568833833;0.690160093;0.879711295;0.672772854;-2.576439995;-0.162895975;0;0;0.367879441;4.041684627;0.883497812;0.999787855
1;0;0.873419771;0.11934854;0.570365885;-0.729313688;0.352108151;-0.508324066;0;5;0.367879441;5.695109661;0.422095704;0.049462601
1;0;0.313247436;0.031190791;0.74921575;0.311756217;0.908875833;0.331401516;0;0;0.367879441;0.971351477;0.817528059;0.018091916
0;0;0.244559025;0.41438007;-0.211074693;0.675895458;0.421644306;0.574377732;0;0;2.718281828;1.159579159;0.975117736;0.134331201
1;0;1.315661134;0.192314619;-0.800601678;-0.484704008;0.219473897;0.533314331;0;20;0.367879441;23.08765414;0.903042292;0.239324915
1;0;0.077306234;0.128609111;-0.446077159;-0.72800943;0.070967385;0.248375922;0;1;0.367879441;0.527570809;0.770846447;0.277748419
1;1;0.030950839;0.062848648;0.444444102;0.526976828;0.520012035;-0.718008791;0;0;7.389056099;0.429858654;0.915852761;0.020886263
0;0;0.399641718;0.796983259;-0.287389641;-0.576007533;-0.736188995;-1.327092277;0;2;2.718281828;2.707182463;0.782291325;0.525438863
0;1;0.624426161;1.378663363;-0.234576233;-0.464060802;-1.410527998;1.595332737;0;0;54.59815003;9.506177445;0.805924491;0.998136895
0;1;0.351389196;0.649221939;-0.936062698;0.063662389;0.135977571;0.432787927;0;1;54.59815003;2.020589957;0.971568631;0.275093631
0;1;0.106414225;0.025369555;0.042890574;-0.051766265;-0.802603177;-1.089499129;0;0;54.59815003;0.519240677;0.862015466;0.656534371
1;0;0.152907288;0.411313851;-0.757844179;-0.25311267;0.573874906;-1.317985536;0;2;0.367879441;0.878126791;0.932801464;0.008166516
0;0;0.231900298;0.113004131;0.770368353;0.550699857;-1.452303886;-0.341594846;0;0;2.718281828;0.825888934;0.874993113;0.982348858
0;1;0.024927162;0.145394539;-0.850707402;0.11640794;1.610866244;-0.297555264;0;0;54.59815003;0.45848671;0.970939294;0.000603179
0;1;0.140447321;0.246009748;0.568455894;-0.689526758;1.414903087;0.088512642;0;0;54.59815003;0.717022335;0.442323543;0.002034953
1;1;0.141582162;0.190232412;0.708264605;0.978836897;-1.009571286;1.09064461;0;0;7.389056099;0.680436278;0.947612462;0.984467986
0;0;1.309478548;0.028125527;-0.925643659;-0.511107139;1.419078156;-1.526453071;0;18;2.718281828;19.23172329;0.914217322;0.000266569
1;1;0.453601793;0.453112187;-0.449712981;-0.739242976;-1.451162438;1.51928992;5;0;7.389056099;2.256731588;0.767827331;0.998240512
0;1;0.14956892;0.018246216;0.284139898;-0.574637729;-0.344047466;0.45208542;30;0;54.59815003;0.586814205;0.60456307;0.701674568
0;1;0.58803171;0.40728794;0.570156719;-0.239991503;-0.088506864;-0.079239441;21;2;54.59815003;3.226451962;0.66033376;0.317096252
1;0;0.318799446;0.201455139;-0.199874576;-0.280757662;0.929428134;0.305569285;0;0;0.367879441;1.170994603;0.850470565;0.016248162
1;0;0.20283752;0.656561152;0.870604659;-0.394675902;0.612747399;-0.856469178;0;3;0.367879441;1.303527056;0.476203294;0.012513074
1;0;0.000275325;0.0798673;-0.218966058;-0.911200573;-1.504173922;1.103924645;0;0;0.367879441;0.39879542;0.623879564;0.997577568
0;0;0.524371165;0.897850837;-0.152081386;0.869566706;-0.714092249;0.780172653;0;0;2.718281828;4.353431274;0.981426212;0.934199449
0;1;1.117415411;1.021591047;-0.427156598;0.13743406;-0.195792532;-1.404252148;0;33;54.59815003;29.19032386;0.948612382;0.117006
1;0;0.064902322;0.283280867;0.223496817;-0.55839451;0.564337012;-0.881562745;0;0;0.367879441;0.593325475;0.633663502;0.014511197
0;1;0.326153651;1.679798956;0.117625477;0.755922351;1.25732499;-0.172393521;0;5;54.59815003;5.250167132;0.965623688;0.002650215
1;1;0.018619334;0.267795834;-0.92006573;-0.065422387;-0.634592835;-0.887327832;2;1;7.389056099;0.508471473;0.96264629;0.567231199
0;0;0.196948014;0.331319918;0.490563894;0.084699629;0.424232788;-1.655935474;4;3;2.718281828;0.925116095;0.807454376;0.009370331
0;0;0.727454364;0.059137518;-0.587025159;0.568796348;0.180031186;-0.637804527;0;7;2.718281828;3.460802881;0.98233124;0.077817801
1;0;0.130013798;0.472060328;0.31299193;0.295740545;-0.229594919;-0.289857827;0;1;0.367879441;0.871187306;0.893022495;0.377225502
0;0;0.057625157;0.312607751;0.044829343;-0.710213706;-0.073207712;-1.421294983;27;2;2.718281828;0.59778939;0.625352188;0.075711806
0;0;0.553926067;0.778442808;0.26687317;-0.356725246;-0.682172428;-0.121995097;0;2;2.718281828;4.221628737;0.708113581;0.80307936
1;1;0.741840813;0.326707849;0.235126268;0.902111165;-0.084889299;-1.070779271;0;0;7.389056099;4.721989838;0.969276823;0.117104596
1;1;0.038291722;0.083270358;-0.430208905;-0.623603018;1.582434021;-1.887753944;0;0;7.389056099;0.448496467;0.801883377;9.20E-05
0;0;0.239529568;0.295577321;-0.552385555;0.500808497;-2.407024831;-0.743221032;0;0;2.718281828;1.014266839;0.978755739;0.999173362
0;1;0.672081623;0.047142129;0.078038711;-0.081683049;-0.3119479;-0.875647216;0;5;54.59815003;2.896163698;0.848074193;0.283990145
1;1;0.009187426;1.040228369;0.992743955;-0.717269902;-1.082044447;1.507598905;0;0;7.389056099;1.070141248;0.284213599;0.992911483
0;0;0.573523358;0.637344668;-0.342166926;-0.589613848;0.821643866;-0.495779696;1;3;2.718281828;3.888077195;0.791505257;0.00900536
1;0;0.046235126;0.15139098;-0.353327823;0.350586999;0.555426471;0.415155079;0;0;0.367879441;0.491691574;0.961990401;0.071497843
1;1;0.513170961;0.217793367;-0.929352964;-0.723939579;-2.322027417;-0.401393174;0;0;7.389056099;2.132523987;0.875026263;0.999258328
1;0;0.517321487;0.007147384;0.051223705;-0.168912598;-0.07280289;-0.573408817;0;1;0.367879441;1.749118323;0.829959357;0.190965283
0;0;0.447426544;0.045150777;0.19361383;-0.097505936;2.596567487;-1.093797544;6;2;2.718281828;1.47319043;0.819737106;5.54E-06
0;1;0.122006855;2.140628014;0.484173318;0.245893139;0.113510075;-1.497584525;0;9;54.59815003;4.511585208;0.85390044;0.035652122
1;0;0.102285214;0.512173062;0.905674259;-0.497651405;1.287890622;0.468076229;0;1;0.367879441;0.83445931;0.412457794;0.005248793
0;1;0.15616375;0.019075655;-0.020757524;-0.071693073;0.278565105;1.576450982;0;0;54.59815003;0.599036292;0.86849879;0.481494602
0;0;0.204999406;0.057467993;-0.833425309;-0.668981542;1.37976837;0.321911516;0;0;2.718281828;0.720698939;0.871263287;0.003104659
1;0;0.470269906;0.929607662;-0.480144002;0.715612907;-0.489034565;0.410301537;0;1;0.367879441;3.82063783;0.984502257;0.793598857
1;0;0.232087105;0.519227572;0.749693251;-0.686896205;0.405908837;-0.010830257;0;2;0.367879441;1.240468199;0.377932667;0.07339334
0;0;0.339778382;0.135381983;0.704118273;-0.823336733;-0.087607653;0.961453668;0;0;2.718281828;1.167327712;0.331180456;0.629563756
1;1;0.440741447;0.709470959;0.685809329;0.786835544;0.4537638;0.431232201;0;4;7.389056099;2.805818508;0.927233996;0.103162063
1;0;0.090245051;0.081204708;0.893807349;-0.398758983;-2.254247232;-1.693866973;0;0;0.367879441;0.523059456;0.465497672;0.995208427
1;0;0.205741363;0.020307968;0.30536327;0.504173342;-1.277500591;-1.844059373;0;0;0.367879441;0.695956624;0.927593786;0.815409864
0;0;0.242783995;1.376807125;-0.02368887;-0.196786704;-0.164941404;-0.190503608;0;1;2.718281828;3.019704899;0.837801444;0.349872603
1;1;0.212978093;0.150151968;-0.624486599;-0.102883788;-0.414581738;-1.029339896;0;1;7.389056099;0.809843911;0.938829126;0.324757452
0;1;1.492893218;0.361864973;0.426066122;-0.68065204;0.952880957;0.590311039;5;48;54.59815003;46.55082037;0.499899185;0.021136004
0;1;0.671210391;0.036375453;-0.829860059;-0.710968297;-0.30018245;-0.438949049;0;0;54.59815003;2.857670057;0.860908171;0.395798592
0;0;1.222300601;0.158434805;-0.077601189;-0.701639216;-0.010688737;0.996347549;5;21;2.718281828;16.86662146;0.671090939;0.570898317
0;1;0.27522599;0.082086108;0.871814613;0.02886852;1.019125477;1.675091901;0;0;54.59815003;0.911889989;0.679181994;0.06134953
1;1;0.125351419;0.312420268;0.690587336;-0.014345387;0.675673161;1.651012282;0;0;7.389056099;0.732328955;0.718175255;0.186941246
0;0;0.575179955;0.420644373;0.432373434;0.232685537;-0.277498053;-0.196827181;0;0;2.718281828;3.146164955;0.860183023;0.448825749
0;0;0.441223271;0.667664668;-0.752387303;-0.105154219;0.653909139;-0.804456296;0;5;2.718281828;2.694828268;0.948742356;0.011455886
0;0;0.912942204;0.140207536;0.189654923;-0.88864657;0.08035019;-0.138107201;0;5;2.718281828;6.547178202;0.484561029;0.186343398
1;1;0.271802627;0.041677872;0.979705603;-0.989207381;0.455902607;-1.383532265;10;0;7.389056099;0.866828398;0.190313694;0.011669367
1;1;0.379670688;0.265581077;0.230816976;-0.556331598;0.83453206;1.253306482;0;1;7.389056099;1.498692618;0.632070906;0.071567134
1;1;0.243375515;0.157038936;-0.453844666;0.701926448;-0.692723975;-1.868774985;0;0;7.389056099;0.893298471;0.98344901;0.323386102
1;0;0.259068854;0.032853196;-0.872586314;-0.465307588;-1.571787729;-1.208667814;0;0;0.367879441;0.827008554;0.91515476;0.96718072
1;1;1.092128833;0.359218452;-0.855393449;0.197200547;0.96750738;0.581415658;0;18;7.389056099;13.95175004;0.975337297;0.019813427
1;0;0.248110799;0.00997709;0.747022428;0.217199394;-1.594475131;0.343689122;0;0;0.367879441;0.782164257;0.788159216;0.995543358
1;1;0.110400331;0.210511965;-0.274350007;0.984316881;0.202452257;0.868671038;0;1;7.389056099;0.632365934;0.987631525;0.337745523
1;0;0.111760154;0.017515046;0.891244298;-0.617620078;-0.411738034;-0.946241133;0;0;0.367879441;0.523507202;0.360750879;0.345521518
1;0;1.117962606;0.67020492;0.11663788;0.506781169;0.750798132;-1.608975287;0;27;0.367879441;20.57532904;0.94472669;0.002939089
1;0;0.130070163;0.070082996;0.025322302;-0.515225326;2.256107171;1.000881731;0;1;0.367879441;0.582919305;0.717392864;0.000272037
0;0;0.382064482;0.180398031;0.895543327;-0.34509556;-0.661869892;0.575389511;0;0;2.718281828;1.386235055;0.491624256;0.900361614
0;0;0.032162871;0.15563237;-0.780396809;-0.992929011;-0.124114332;2.240493598;0;0;2.718281828;0.473369497;0.765798494;0.90602565
0;1;0.291061422;0.225937332;0.637815101;0.994848287;0.269395933;-1.072295192;0;2;54.59815003;1.10420056;0.954041744;0.033875399
0;1;0.464985548;0.046032562;-0.245315786;-0.123880991;-0.844573956;-1.836332534;0;3;54.59815003;1.554243926;0.892852184;0.467978056
0;0;0.059934416;1.382569851;0.113282096;0.99537749;-0.413722343;0.811122802;0;0;2.718281828;1.754831953;0.978560169;0.827121461
1;1;0.041117073;0.356435003;-0.372257627;-0.606561662;-1.286131647;1.628583222;0;0;7.389056099;0.594393465;0.793354127;0.997153239
0;1;0.12581408;0.036742538;-0.835314239;-0.777046409;-1.671227888;-0.16933876;0;0;54.59815003;0.556651882;0.845388209;0.99366576
0;1;0.312743472;0.7513573;0.559875085;-0.498527099;-0.940377247;0.858525144;0;0;54.59815003;1.992893727;0.540693089;0.9733919
0;0;0.070391228;0.492770918;-0.613530543;0.360953206;0.223232662;-0.441596779;0;2;2.718281828;0.743746224;0.974474048;0.084006241
0;0;0.017526719;0.123072464;0.311170935;0.154508593;-0.013665838;1.085858368;0;0;2.718281828;0.438521087;0.863215867;0.600744907
1;1;1.002650223;0.89113084;-0.129705893;-0.167305408;-0.957878105;0.372178778;0;0;7.389056099;18.15746026;0.86529089;0.955095202
1;1;1.634469008;0.672193867;-0.605703347;0.458362487;-0.466852088;0.503965035;0;0;7.389056099;97.08635997;0.978653294;0.799095633
0;0;0.181272988;0.385689245;0.989320844;0.148379466;-0.495868571;-1.312370638;0;2;2.718281828;0.93193539;0.692701092;0.314113849
0;0;0.38504458;0.230797172;-0.106514267;0.155270298;-0.660371434;-0.703491365;0;2;2.718281828;1.470983039;0.922034196;0.644976219
0;0;0.048049147;0.48696104;-0.937146672;0.179998255;-1.043521145;-0.571229356;0;0;2.718281828;0.691500421;0.977372824;0.900174736
0;0;0.1358753;0.186045912;0.874033116;-0.55414332;0.321519971;-0.254009646;7;2;2.718281828;0.666091529;0.396675575;0.074246872
0;1;0.10481404;0.237856638;0.741967909;-0.793015403;0.545146877;-1.399196632;0;0;54.59815003;0.639095591;0.332037822;0.008217021
1;1;0.283518587;0.032028884;0.202492567;0.473012054;-0.636097623;0.630384892;0;0;7.389056099;0.889215776;0.933533901;0.897830418
0;1;0.878424277;0.952479129;-0.401969087;0.224807512;1.376384123;-0.908362942;0;9;54.59815003;13.29983942;0.954893293;0.000677181
0;0;0.141569182;0.204072984;0.61869255;0.902424721;1.012519248;0.291399343;0;0;2.718281828;0.689892513;0.946688125;0.011742855
0;0;0.753856772;0.348052803;0.90428477;0.919751731;-0.53989514;-1.613708039;0;6;2.718281828;5.000926113;0.922946857;0.270412986
1;1;0.002121018;0.082509102;0.704107943;0.4896721;-1.072417884;-0.91170455;0;0;7.389056099;0.402070495;0.87249288;0.867833384
0;0;0.475550375;0.410220424;-0.745380528;-0.130339709;0.428912684;2.09403217;0;3;2.718281828;2.309131656;0.945699497;0.502279396
1;0;0.332693256;0.23388048;0.9377647;-0.650449725;-0.482457898;0.560787087;0;0;0.367879441;1.261069597;0.3301412;0.81909099
0;0;0.150932592;0.008383314;0.114202017;-0.129423862;-0.090646571;0.064529875;0;1;2.718281828;0.583436938;0.827762116;0.35906767
0;1;0.100748405;0.324851884;-0.989271105;0.524916376;0.79184755;-1.141357699;0;0;54.59815003;0.688732105;0.989373693;0.004513649
1;0;0.017362222;0.054288772;-0.728472161;0.838058622;0.068754653;-0.687120456;0;0;0.367879441;0.40917;0.991581133;0.107481306
1;0;0.009787395;0.078229606;-0.988305797;0.813395166;-0.613966444;-0.979358419;0;0;0.367879441;0.409667998;0.993995652;0.519534088
0;1;0.098294762;0.270412653;0.633748124;0.631025658;-0.714181239;0.460518947;0;0;54.59815003;0.647456895;0.909819182;0.904980248
0;0;0.293620711;0.165191032;0.564327176;-0.600494115;0.324249513;2.044015261;0;0;2.718281828;1.047130082;0.488132481;0.583967853
0;1;0.548218885;0.229276472;0.862132572;-0.900748829;0.34328235;1.570209005;130;5;54.59815003;2.396317362;0.250734926;0.419567875
1;0;0.810446829;0.023172698;-0.262620235;-0.042102949;-0.439619408;0.171190221;0;0;0.367879441;4.282398222;0.909679218;0.70319535
0;1;0.503821292;0.300696076;0.948909748;0.180786738;0.34509672;-0.410085719;0;1;54.59815003;2.252768608;0.718737712;0.056962126
1;0;0.581482254;0.288591102;0.647487364;-0.806759528;-0.919759738;1.415380147;1;0;0.367879441;2.809588029;0.357840329;0.985490333
1;1;0.174656882;0.103084497;0.574897727;0.90178047;1.783110817;1.216549676;0;0;7.389056099;0.688703209;0.949846608;0.002095264
1;1;0.018263294;0.067254444;0.245651669;-0.674513723;-1.421711896;-0.192276569;0;0;7.389056099;0.41563173;0.570157812;0.983553735
1;0;0.003013118;0.024239954;0.934709858;0.843012525;1.642183362;1.791387528;0;0;0.367879441;0.380328208;0.907539894;0.007253774
0;1;0.128799268;0.064967911;-0.000163019;-0.744449854;0.124236888;0.46865126;0;1;54.59815003;0.577738297;0.625121679;0.293162392
1;0;0.024790329;1.353075049;0.787391199;0.325479181;0.001123313;-0.784836137;0;0;0.367879441;1.533336434;0.813037863;0.12075949
1;0;0.034332438;1.697171862;-0.197913506;0.568083855;-1.328975923;-0.987511678;0;0;0.367879441;2.225917467;0.968721251;0.939872115
1;1;0.163561228;0.479106799;-0.104916781;0.529226324;0.779726615;-0.709893467;0;0;7.389056099;0.97024223;0.961425581;0.00807126
1;0;0.068788637;1.351343514;0.871558164;0.345140621;1.290447486;0.442551207;0;0;0.367879441;1.746667045;0.799463403;0.005036528
0;1;0.243617954;0.851170924;0.366664395;-0.768668195;-1.02056778;-0.432202341;0;0;54.59815003;1.789658439;0.478180621;0.907784288
1;0;0.592792025;0.27648642;-0.96367374;0.702602975;0.70470454;-0.495882289;0;1;0.367879441;2.871580269;0.992237951;0.013891423
0;1;0.113069031;0.498769412;-0.668946565;0.23592319;1.328751933;-1.160104483;0;1;54.59815003;0.850421222;0.969975766;0.00059109
1;1;0.031015196;0.224651941;-0.008331002;0.672823112;1.716649095;1.430084618;0;0;7.389056099;0.505451863;0.96637047;0.003505787
0;0;0.207642439;0.284997982;-0.146929544;-0.66014355;-0.85958619;0.003647526;0;0;2.718281828;0.912037015;0.710971535;0.902736562
0;0;0.172777868;0.553888352;0.984106241;-0.97943756;-1.013550294;0.985975148;0;0;2.718281828;1.074893897;0.192315465;0.982592315
1;1;1.250039246;0.057044736;0.777900248;-0.353060537;-0.220246237;-0.700363732;0;14;7.389056099;16.56285397;0.531714504;0.259315118
1;0;0.405587327;0.525506059;-0.308489257;-0.460634551;0.158823107;-1.091549549;0;2;0.367879441;2.100694576;0.823677561;0.049264901
1;1;1.133584119;0.606256946;0.41168825;0.650522712;-0.869274055;-1.318395672;0;0;7.389056099;20.22681712;0.936046749;0.648347447
0;1;0.198601958;0.350011067;0.817449374;0.867323474;-0.730637689;0.458505529;0;0;54.59815003;0.947258687;0.92473367;0.90994989
0;0;0.125366844;0.619169957;0.352585774;-0.744417033;1.111633173;-0.266522265;14;2;2.718281828;0.995281654;0.495571934;0.00406294
1;0;0.055708576;0.438437756;0.278200543;0.826675212;-0.166381366;-0.74438866;0;2;0.367879441;0.674059753;0.962168577;0.21306377
1;1;0.112215762;0.075706412;-0.700790946;0.210467895;0.967695272;0.766211992;0;2;7.389056099;0.555633541;0.969884068;0.024817096
1;0;0.007543064;0.12378089;0.20225078;-0.199429667;-0.498319395;0.027851423;1;2;0.367879441;0.425883299;0.785458511;0.711670687
0;1;0.17516706;0.215683733;-0.454497528;0.331590607;0.926885841;-0.886428616;0;1;54.59815003;0.771965756;0.965938337;0.00374397
0;0;0.016504262;0.396358545;-0.084293258;0.535198554;0.0811431;-1.765480933;0;1;2.718281828;0.574572686;0.960715074;0.028996983
1;0;1.860452923;0.004351153;-0.555493813;0.0437914;-0.11445851;0.930476889;0;0;0.367879441;98.07278632;0.94886627;0.643896258
0;1;0.122781628;0.313009006;-0.490156966;-0.210984966;-1.86499802;-2.142122427;0;0;54.59815003;0.727132828;0.909969741;0.964976671
1;1;0.409631289;0.764095759;0.307375454;0.931573667;-1.421957153;-1.354762036;0;0;7.389056099;2.699292295;0.967769607;0.93332272
0;0;0.3237867;0.043488478;-0.056013678;-0.902028919;0.71084137;0.978183475;0;2;2.718281828;1.014959365;0.569537074;0.079957414
1;0;0.205590837;0.014056576;-0.678073929;-0.693383457;-1.294813968;1.048785171;0;0;0.367879441;0.691307246;0.836216755;0.994328048
1;0;1.038004224;0.087177107;-0.455839331;0.393678131;-1.066032692;-0.413316396;0;0;0.367879441;9.035757678;0.969854642;0.922797438
1;0;0.382705986;0.384226957;0.425912186;0.455571746;0.163432374;0.356374964;0;0;0.367879441;1.702920837;0.906554707;0.23732478
0;0;0.158149956;0.243354603;0.226707304;-0.783241169;0.91545949;-0.492675055;0;0;2.718281828;0.754126217;0.523347186;0.006376006
1;0;0.361735797;0.476359918;-0.735756068;-0.070862909;-0.293764363;0.703719429;0;0;0.367879441;1.753418497;0.950823299;0.727359276
0;1;0.036454553;0.287453932;-0.859985494;0.284251072;0.829990553;0.489588111;0;1;54.59815003;0.547067869;0.979335973;0.029298592
0;1;0.494747767;0.019910004;0.932530026;-0.205778124;-1.259322145;1.320985282;33;0;54.59815003;1.655583154;0.547270583;0.995384412
0;1;0.189954371;0.148265912;-0.263459444;0.980860514;1.003169414;0.72604425;0;1;54.59815003;0.754371011;0.987344289;0.020748186
0;0;0.047156162;0.037191159;0.354908169;0.35741762;0.762974146;0.056690125;0;1;2.718281828;0.439841715;0.898664501;0.022090048
0;0;0.064241974;0.616606633;0.691903461;-0.369363085;-0.533239399;-0.815281594;0;0;2.718281828;0.826407368;0.555623477;0.495136592
0;0;0.036664805;0.153455708;-0.516699229;-0.69246148;0.306420867;0.106438516;0;1;2.718281828;0.47876286;0.800612339;0.117530111
0;1;0.005473239;0.059683767;-0.929698018;-0.397496528;1.205383826;-0.430729786;0;0;54.59815003;0.396969226;0.930832868;0.002332216
1;0;0.089917437;0.314358877;0.190480473;-0.810968939;-1.002725787;-0.192327003;0;0;0.367879441;0.659753624;0.523068963;0.925519162
0;1;0.855418223;0.181862933;0.672382256;-0.946248986;-0.892245924;0.321515582;0;0;54.59815003;5.743780414;0.288830383;0.939789926
1;0;0.560256014;0.34611333;-0.27550158;-0.379033391;0.030148911;0.270298758;0;1;0.367879441;2.792343961;0.839590666;0.315358562
0;0;0.438271054;0.096052328;-0.335622933;0.484877737;-0.421998576;-1.710150436;0;1;2.718281828;1.508122484;0.969915238;0.174337447
0;1;0.353468319;0.022953876;0.289472661;0.920184425;-0.2474251;0.322758808;0;0;54.59815003;1.086931766;0.967896492;0.582073861
1;0;0.451392331;0.444832486;0.917230274;-0.168394675;0.64415115;-0.260900471;0;3;0.367879441;2.223337576;0.571350978;0.023164612
1;1;0.303119019;0.300445609;0.192407257;0.044470815;0.218513365;-0.3096915;0;0;7.389056099;1.233434638;0.858189192;0.099164776
0;0;0.040187025;0.198648421;0.020560036;-0.864960542;1.524904741;-2.445800096;0;0;2.718281828;0.506216668;0.55952607;5.68E-05
1;0;0.544429189;0.200340475;-0.689471728;0.259683611;-1.02404671;-1.447031908;0;1;0.367879441;2.301654105;0.972174293;0.737184373
1;0;0.010158447;0.413616655;0.691702011;-0.293172426;0.519500645;0.217377801;0;1;0.367879441;0.573551239;0.592932642;0.064380073
1;0;0.014154669;0.406501987;-0.571239149;-0.150570696;0.024742072;0.565572318;0;2;0.367879441;0.57635355;0.927956672;0.404724587
0;1;0.444310298;0.097010409;0.33974649;0.927537581;-0.970649504;0.449636053;0;0;54.59815003;1.537167295;0.965955702;0.960908747
0;1;0.334928697;0.119296654;0.235512902;0.361996974;-1.696019564;0.179037245;0;0;54.59815003;1.132109544;0.914567493;0.996256075
0;1;0.082174256;0.525515676;-0.900000446;0.436927769;0.662820286;-0.391785341;0;0;54.59815003;0.796154866;0.985569224;0.018427573
1;0;0.50203927;0.075177269;0.898797551;-0.658740469;-0.08293096;0.079516226;0;0;0.367879441;1.788352988;0.339465448;0.356723513
1;1;0.126679711;1.038508976;0.165104063;-0.592781822;-1.291495828;0.025887504;12;0;7.389056099;1.519753439;0.638019906;0.979676981
1;0;0.803673992;0.24562681;0.721908674;0.753099424;0.29276336;0.238344039;0;0;0.367879441;5.241715261;0.918589556;0.141859275
1;1;0.187979276;0.000447799;0.036934499;0.675045051;-0.097909392;0.324024906;0;0;7.389056099;0.646867128;0.96424614;0.443292869
0;1;1.081812759;0.258039861;-0.467745033;0.441254085;1.597746035;0.169349537;0;9;54.59815003;12.22494013;0.972988925;0.001135143
1;0;0.213229779;0.065868099;0.194755327;-0.437873258;-0.925654688;1.408131763;0;0;0.367879441;0.744946731;0.69680311;0.985675697
0;1;0.25692699;0.157225084;0.591152168;-0.580018206;0.8406849;1.009918013;38;1;54.59815003;0.93053653;0.488310964;0.052641597
0;0;0.274849613;0.142385208;0.378572075;-0.011699361;-0.641055073;0.25539281;0;0;2.718281828;0.967474749;0.803567632;0.848540241
0;1;0.09548104;0.826028259;-0.038736711;0.043505616;-1.45891562;0.665089889;0;0;54.59815003;1.119040227;0.895211531;0.995044532
0;0;0.001616986;0.629575378;-0.068141222;-0.560336377;1.177817761;-2.589138272;0;0;2.718281828;0.69379853;0.727413497;0.00017453
1;1;0.45644336;0.865917485;0.23682467;0.526213405;-2.279219585;-0.243916929;0;0;7.389056099;3.439229849;0.936860617;0.99928476
0;1;0.395484962;0.207259653;-0.101458971;-0.950960694;0.272207845;-1.105962305;0;0;54.59815003;1.482477297;0.562242235;0.0321946
1;0;0.084740467;0.635212049;0.205415065;0.42297189;0.551074369;1.280737369;0;0;0.367879441;0.895326745;0.926751058;0.18761122
1;1;0.031852046;1.375912554;-0.990782052;0.681775198;0.404754544;0.01611165;0;1;7.389056099;1.602345817;0.992230298;0.07602028
1;0;0.537444462;0.031798817;0.989989025;0.861642144;-0.603832898;-0.673630486;0;0;0.367879441;1.904333736;0.903636593;0.604041922
0;1;0.638930619;0.33801588;-0.187075103;0.324183295;-0.922031005;0.417172933;0;0;54.59815003;3.507164008;0.949260533;0.951620145
1;0;0.251200998;0.709546654;-0.764096726;-0.460115561;0.479910722;1.815682514;0;2;0.367879441;1.589071125;0.902552577;0.370502412
0;1;0.04809912;0.155359996;0.739078191;-0.563533079;0.105881568;-0.568456335;19;1;54.59815003;0.49641518;0.441350371;0.108357792
1;1;0.431274631;0.425624514;0.080385913;0.735636342;-1.140377953;-0.409874411;0;0;7.389056099;2.053300314;0.966127548;0.94070331
0;0;0.043643587;0.33964273;0.763195336;-0.950856897;-0.971485822;-0.512435221;1;0;2.718281828;0.588942626;0.259896456;0.881062226
1;1;0.219749252;0.0259021;-0.924920322;0.700053449;-1.069651815;-0.572242478;0;0;7.389056099;0.729898246;0.991735501;0.908536179
1;1;0.094742546;0.209233683;0.762867924;0.047866154;-1.902177022;0.902827585;0;0;7.389056099;0.602577689;0.721402756;0.999298577
1;0;0.419714062;0.011163026;0.44469934;-0.129074596;1.053866739;-0.748011938;0;1;0.367879441;1.31036433;0.745509012;0.002767567
0;0;0.139719903;0.054762598;0.539620593;0.862589493;-0.139730368;-0.080099011;0;0;2.718281828;0.590918193;0.948619454;0.359822441
0;0;0.756367456;0.220489375;0.727187418;-0.670899208;-0.380597979;-1.055281518;0;0;2.718281828;4.435284415;0.393510529;0.290726246
1;1;0.55592429;1.388956454;0.001484206;-0.242423216;1.476197464;0.272036438;0;12;7.389056099;7.820350091;0.819494621;0.002034041
0;1;0.110415299;0.177126445;0.851728049;-0.723910126;0.610727338;-0.1952818;0;0;54.59815003;0.611630059;0.326202267;0.02835107
1;1;0.182461415;0.317265874;-0.583850659;-0.700557846;1.556856957;-1.283599293;0;1;7.389056099;0.873410269;0.813764695;0.000215418
1;1;0.291582501;0.20800783;-0.945788812;0.352894495;2.279082282;-0.64184095;0;1;7.389056099;1.086275999;0.984085344;3.20E-05
0;1;0.709830444;0.046385315;-0.368413856;0.124232312;-0.47180657;-0.970663243;0;0;54.59815003;3.240982894;0.942734449;0.390775308
0;1;0.309821626;0.105432206;0.320224499;-0.056703114;0.212686484;-1.29234619;0;0;54.59815003;1.035513132;0.803174906;0.031891426
0;1;0.622472304;0.5907075;-0.370617399;0.622200337;2.666263607;-0.862704018;0;4;54.59815003;4.297890888;0.978125722;5.69E-06
1;0;0.004665151;0.056473393;0.888922776;0.924777064;0.902094706;-2.161865784;0;0;0.367879441;0.394738739;0.925267649;0.000836717
1;0;1.231320621;0.329516406;0.55794116;0.030819768;2.186407733;1.368076974;0;17;0.367879441;20.56269002;0.772894483;0.000558927
1;1;0.18245736;0.426153899;-0.321137507;0.407445539;0.595320049;-0.496839843;0;0;7.389056099;0.973873343;0.964311895;0.020765057
1;1;0.039776719;0.559134783;-0.036707471;-0.63824098;0.332761273;0.156374467;0;0;7.389056099;0.725035211;0.685373828;0.113811442
1;0;0.094308426;1.265450077;-0.168010402;-0.290066106;1.39922709;0.042430945;0;1;0.367879441;1.730439384;0.841826765;0.002037356
1;1;0.295563459;0.404979686;0.552667799;-0.900194421;1.063030449;0.299828835;9;2;7.389056099;1.338661272;0.347648744;0.00983837
1;1;0.195158894;0.460846964;-0.029145988;-0.694892595;-0.209313656;0.021781913;0;1;7.389056099;1.047413348;0.657896386;0.453176006
0;0;0.057043718;0.639234289;-0.969401792;-0.801456563;-0.001595076;0.75375599;0;0;2.718281828;0.827261395;0.864266711;0.487047029
0;1;0.424061041;0.136886188;0.28490259;-0.439703848;-0.403005062;1.067263618;0;0;54.59815003;1.50541606;0.666686942;0.863580039
0;1;0.207491566;1.486274857;-0.53034003;-0.225099596;1.32470407;-0.66939632;0;3;54.59815003;3.030566472;0.912560787;0.001107673
1;1;0.322466519;0.154160062;0.494051766;0.268317573;-0.531131309;-1.498493366;0;0;7.389056099;1.129256688;0.857607291;0.292893071
1;1;0.054298225;1.396763958;-0.408785251;0.414127218;0.167775141;0.243668759;0;5;7.389056099;1.750074984;0.968974604;0.210058832
0;1;0.293155845;0.095893335;0.812436383;-0.347963362;-1.253938223;-0.119602144;0;0;54.59815003;0.975661934;0.5213417;0.972152396
0;1;0.565508781;0.622623455;0.706648036;0.93036663;1.374599253;-0.807602889;0;2;54.59815003;3.740240065;0.942716944;0.00077316
0;0;0.476199819;0.09496225;-0.076072446;0.392908895;1.307855946;0.091318027;0;1;2.718281828;1.68802922;0.947842801;0.00304771
1;1;0.081150655;0.231069046;-0.857303503;-0.677843612;-0.965404719;0.925760929;0;0;7.389056099;0.591272084;0.873279084;0.977631276
1;1;0.031996189;0.396071779;0.155607449;-0.261875517;-1.183557529;0.053790435;0;0;7.389056099;0.601734083;0.776057587;0.970846086
1;0;0.526749357;0.572157128;0.159158668;-0.395564482;0.763398021;-1.224568895;0;6;0.367879441;3.165798135;0.725146014;0.00452567
0;0;0.039697246;1.099289606;0.987153554;-0.084068465;-0.185377991;0.317690231;0;0;2.718281828;1.244061393;0.586892238;0.523053707
0;1;0.334496679;0.182354037;-0.329451171;0.646565493;-0.079355059;-1.145447981;0;2;54.59815003;1.204234473;0.977845428;0.105814233
1;0;0.146391522;0.339205499;0.333603548;-0.534921298;0.702209974;0.273935842;0;0;0.367879441;0.801219822;0.605814466;0.035885817
1;1;0.28706854;0.03525098;0.877112004;-0.195355549;1.026107811;0.203491169;0;2;7.389056099;0.901636891;0.572882356;0.010015649
0;1;0.764404966;0.117553686;0.14971367;0.943225606;-0.904871237;1.512362329;0;0;54.59815003;4.099104694;0.974958994;0.986396349
0;1;0.419442515;0.267494888;0.383422828;-0.751158508;-2.175546472;-0.190207268;25;0;54.59815003;1.69184971;0.480646859;0.999013677
0;0;1.61224491;1.15465681;-0.820482826;0.260580153;0.827605128;0.733982009;0;151;2.718281828;147.1410338;0.977064899;0.03969439
0;1;0.163780371;0.372016362;0.732918489;0.407734012;-1.271681864;0.885438687;86;0;54.59815003;0.87228199;0.847624555;0.992427309
0;0;0.217810327;0.020444274;0.002278794;0.182400568;0.07194716;-0.208710697;0;0;2.718281828;0.721715151;0.913834762;0.177892721
0;0;0.124630343;0.418158299;-0.553487432;0.993032543;-1.183938718;-1.469300334;0;3;2.718281828;0.812247102;0.99196831;0.832457452
0;1;0.266302239;0.322381715;-0.175161517;-0.909327797;0.131382068;-0.035339603;0;0;54.59815003;1.128950489;0.609232373;0.176992602
0;1;0.106131951;0.121716703;0.772612559;0.980145076;-0.14985243;0.299901448;0;0;54.59815003;0.57127336;0.942749882;0.484211107
1;1;0.528701756;0.27720227;-0.008813126;0.490612619;1.416043452;0.391637116;0;2;7.389056099;2.370989879;0.952322535;0.002957006
0;1;0.59021289;0.417842013;0.345507456;-0.126500804;-0.096578748;0.174029934;0;0;54.59815003;3.282090882;0.77359748;0.396446813
0;0;0.306130739;0.072180917;-0.434991124;-0.693986902;-0.557788486;-0.211957789;0;0;2.718281828;0.990617426;0.779801997;0.695669326
0;1;0.390925429;0.500676913;0.634116606;-0.102269649;-0.318458335;1.090602983;31;0;54.59815003;1.960997358;0.699367085;0.825990372
1;0;0.774328804;0.714799915;-0.507801091;-0.627350575;-0.220541912;-0.030238117;0;0;0.367879441;7.673603527;0.818616254;0.447502824
1;0;0.142100126;0.006303872;-0.260707612;-0.146902835;-0.579648144;-0.09080731;0;0;0.367879441;0.567000127;0.890636166;0.742723299
1;1;0.033948486;0.191589976;-0.52895121;0.641559733;0.188917986;0.457255507;0;0;7.389056099;0.493336113;0.983317081;0.242894933
1;1;0.491072511;0.37592946;0.871513852;-0.899242172;-0.351265123;0.392604412;2;4;7.389056099;2.337651965;0.248663112;0.691683095
0;0;0.12984106;1.357441904;-0.169846343;-0.349235697;-0.244551262;1.75971039;0;0;2.718281828;2.110584837;0.825821516;0.892516267
0;1;0.147905706;0.164062399;-0.725101189;0.684823859;1.094793786;1.293995695;0;2;54.59815003;0.675555149;0.988539242;0.029656118
1;0;0.085951841;1.21453869;0.828729446;-0.919600414;-1.510782774;0.982587622;1;0;0.367879441;1.603829506;0.253071955;0.997250739
